total_bill,tip,sex,smoker,day,time,size
51.967595686515395,3.023853487481115,Female,Yes,Thur,Lunch,2
65.16054989451099,4.9599846736185675,Female,No,Sun,Lunch,3
45.836894509321596,7.802015999513979,Female,No,Fri,Lunch,2
48.64076662021346,6.419836710535501,Female,Yes,Fri,Lunch,4
35.71419506993925,5.984854264143143,Female,No,Thur,Lunch,2
47.342006457648196,3.2895704159959416,Female,No,Thur,Dinner,3
27.340788601075047,3.148343160790214,Female,No,Fri,Dinner,1
25.79148711914229,5.121254019908651,Female,Yes,Thur,Dinner,1
35.0324842620593,5.801362326591181,Male,No,Thur,Dinner,3
40.57753199305497,5.88562631715199,Female,Yes,Thur,Dinner,2
49.285468955411794,4.7942985365176565,Female,No,Thur,Lunch,2
46.94960747996839,2.322501820265267,Female,Yes,Sun,Lunch,4
35.9928199495048,8.211562351608212,Female,No,Sun,Dinner,5
39.00829670452771,1.3165685153519129,Female,Yes,Sun,Dinner,3
44.81639647837818,3.4779976709021687,Female,Yes,Sun,Lunch,3
37.90202541295744,6.433962646041061,Male,Yes,Fri,Lunch,2
38.03808602722589,2.0003911038687106,Female,No,Sat,Dinner,3
45.11760521017094,1.42614652792698,Female,No,Sun,Dinner,4
32.52712579134778,2.559198600374499,Female,No,Thur,Lunch,3
35.25105837951366,7.6481133687419245,Female,Yes,Sat,Dinner,1
37.26716844125973,3.7135176964959795,Female,Yes,Fri,Lunch,3
57.081437387542636,0.9099309849999055,Female,No,Fri,Lunch,4
32.70210528688906,3.727612208165217,Female,Yes,Sun,Lunch,4
36.605559432930555,1.2099276262870167,Female,No,Sun,Dinner,4
40.907400320350625,3.2404331530337096,Female,Yes,Fri,Dinner,1
33.27951664218568,1.844718683518666,Female,Yes,Fri,Dinner,4
41.94804996394586,3.556790695964278,Female,No,Sat,Lunch,3
31.223004954747914,5.741130063936165,Female,No,Sun,Lunch,2
36.83252072720574,3.675837844441686,Female,Yes,Sun,Lunch,5
38.20894240481828,1.9653642841574803,Male,No,Sat,Dinner,4
46.45101157160521,4.5384079304841745,Male,No,Sat,Lunch,5
38.7572874204927,3.840362504786139,Female,Yes,Fri,Lunch,3
45.694881139632244,3.208886906712795,Female,Yes,Sat,Dinner,1
49.80483638073014,5.456369329557896,Female,No,Thur,Lunch,3
42.18397483601757,4.5112262162734895,Female,No,Thur,Lunch,4
43.55897620566964,8.439875708724383,Female,Yes,Sun,Lunch,3
29.356553905218746,5.356210176212287,Female,No,Sat,Dinner,1
36.184223240473884,4.2733925832929325,Female,No,Sun,Dinner,5
53.32170936447101,4.980920956596028,Female,Yes,Thur,Dinner,5
49.42098255964524,3.3897217484305786,Female,Yes,Thur,Dinner,5
25.002139111102117,6.995708315381151,Male,No,Thur,Lunch,3
34.52646027133384,5.009737760678295,Female,Yes,Sat,Dinner,3
43.70991484785573,7.925514167147301,Female,No,Fri,Lunch,3
44.447865701836776,2.204178679174763,Female,No,Fri,Lunch,3
60.82848521078634,3.8365550202025998,Male,Yes,Fri,Lunch,3
47.49166605523192,4.371737365308533,Female,No,Sun,Lunch,4
23.535250837156426,5.7491291748868765,Female,No,Sat,Dinner,1
41.537031774917104,0.7710157546922365,Female,Yes,Thur,Lunch,3
38.26407080063221,3.3194389823268473,Male,No,Fri,Lunch,3
16.2040449207898,4.5648921164225005,Female,Yes,Sat,Dinner,3
29.19679690135496,3.6706107951621973,Female,No,Fri,Dinner,1
46.92335056237303,7.283824121250681,Female,No,Fri,Dinner,3
28.07956630336023,2.720125945058651,Female,No,Sun,Lunch,3
35.914655272920115,4.30457566720829,Female,Yes,Thur,Lunch,2
40.198050869211926,-0.6604103357528954,Female,No,Thur,Dinner,2
33.87862786803356,3.0163883095460484,Female,No,Sat,Lunch,1
41.81957998238158,6.583489838331935,Female,No,Sun,Dinner,3
45.69822840624174,3.0325131199249915,Female,No,Sun,Lunch,2
42.69968073297954,5.400930948754755,Female,No,Sat,Lunch,2
42.74281254755596,8.618553248759675,Female,No,Sat,Lunch,2
39.14599384900756,8.35531653018505,Female,Yes,Sat,Dinner,1
41.09085728332449,2.625473749826951,Female,Yes,Thur,Dinner,2
59.95144226078915,7.90965245736223,Female,Yes,Sat,Dinner,1
27.771973605318422,4.187573551947141,Female,Yes,Thur,Dinner,1
38.61989227472612,5.317704846701542,Female,Yes,Sun,Dinner,2
41.73719279531175,5.472988256759731,Female,Yes,Sat,Dinner,4
23.805602334449226,3.1043249151039904,Female,Yes,Thur,Dinner,3
41.66105090916257,5.559302987394444,Female,No,Thur,Dinner,3
41.463938954968924,3.4712736157074353,Female,Yes,Sun,Lunch,2
34.28506619968296,6.835388196447273,Female,No,Thur,Lunch,2
61.1012892069684,3.9114449498101527,Male,Yes,Sun,Dinner,5
41.51352586231484,4.428421775510405,Female,No,Fri,Lunch,1
33.679958077989816,3.3801833201520846,Female,Yes,Fri,Dinner,1
51.88205133675598,2.8574391145549995,Female,No,Sat,Lunch,4
53.29389457807752,0.41595311060815154,Male,Yes,Sat,Lunch,1
46.40663603724668,4.356292988263715,Female,Yes,Thur,Lunch,3
29.137294229447072,2.5286432453491967,Female,Yes,Sat,Dinner,1
31.467925467575427,2.587184283837612,Female,Yes,Thur,Dinner,1
34.1612000995064,5.678521183776473,Female,Yes,Sat,Dinner,1
45.45062900597059,10.072346177085484,Female,Yes,Sat,Dinner,2
38.836514921706325,2.5967536425810573,Female,Yes,Sat,Dinner,3
34.687408425260706,4.144972226006307,Female,Yes,Sun,Dinner,2
44.137780678764024,0.5172101443588046,Female,No,Sun,Lunch,5
29.587057212753002,6.842852440055999,Female,Yes,Sun,Dinner,3
35.750893356120464,6.913024201984704,Female,No,Fri,Lunch,1
34.89933386960307,5.259097516279617,Female,No,Sat,Lunch,5
27.31247085747157,0.25023130209017896,Female,Yes,Sun,Dinner,2
51.81860307901278,2.8035022469688533,Female,Yes,Sun,Lunch,1
46.75495699360623,4.186330343580915,Female,Yes,Sun,Lunch,3
31.919274407108126,5.756832751119681,Female,Yes,Sat,Dinner,1
36.080734684923264,8.318181101024582,Female,Yes,Thur,Dinner,3
23.2925772291581,4.266138605209873,Female,No,Sat,Dinner,3
40.97486532208577,2.249694970881743,Male,No,Thur,Lunch,3
37.01906650728489,4.387518671065241,Male,Yes,Sun,Dinner,2
25.69783554309905,4.204009793098726,Male,No,Sat,Lunch,1
38.335720656904776,8.130908273126355,Female,Yes,Fri,Lunch,3
34.529545624004164,1.5917000300696353,Female,No,Thur,Lunch,5
31.252514853737427,0.49837298644739425,Female,No,Sat,Dinner,2
42.21752526079982,5.2854311248504,Female,Yes,Fri,Dinner,2
54.50456249983867,4.158059297967155,Male,Yes,Sat,Dinner,2
34.18226956423001,7.418919725098229,Female,No,Fri,Lunch,1
37.004881136130685,5.541473441617037,Female,No,Thur,Dinner,4
45.55598175540297,6.6347452434129295,Female,Yes,Sun,Dinner,3
13.29923650106171,5.26738217328413,Female,Yes,Sat,Dinner,5
39.40871535716888,3.4322269709275295,Female,No,Sat,Lunch,2
33.68682623309924,2.0576858000145357,Female,Yes,Sun,Lunch,2
30.23232388013836,5.7779028992543555,Female,Yes,Thur,Lunch,2
43.68735507764647,2.8934019246944014,Female,Yes,Sun,Dinner,2
31.076472956437385,7.728070016965969,Male,No,Fri,Dinner,3
47.95325190127268,1.1846935362724722,Female,No,Thur,Dinner,2
27.18071372555295,6.4393269606628145,Female,Yes,Fri,Lunch,2
38.416545516129204,3.0435285747550993,Female,No,Fri,Lunch,3
38.41366326739237,4.217177410225498,Female,No,Sat,Dinner,2
25.652322012956493,3.515503533131959,Female,Yes,Thur,Lunch,3
33.14471993051938,4.960017628530683,Female,No,Fri,Lunch,4
46.64343202938344,2.3392718011762685,Male,No,Sat,Dinner,2
48.99560784714963,6.3685123320317185,Female,Yes,Fri,Dinner,1
48.46397447110418,5.400900648989554,Female,Yes,Sun,Lunch,4
32.145917477100824,6.636284086125274,Male,Yes,Sat,Dinner,2
37.90451150887768,10.436388987262694,Female,No,Sat,Lunch,2
45.29125123837518,5.195778810712917,Female,No,Thur,Dinner,1
44.10495854595205,2.9980656470955633,Female,Yes,Sat,Dinner,2
31.11134680037056,3.8892224174541856,Female,No,Thur,Dinner,3
34.76868070077816,4.607307148789599,Male,Yes,Thur,Lunch,2
27.081113653594063,3.2169380274770494,Female,No,Thur,Dinner,2
30.62664490619688,7.147870954140784,Female,No,Thur,Lunch,4
55.5908431439416,-0.3753514433083318,Female,No,Fri,Dinner,1
24.423163030789738,1.4996732095993894,Female,Yes,Sat,Lunch,3
34.30978513532893,3.8164634091653564,Female,Yes,Fri,Dinner,2
39.61646744941538,5.21348197425011,Female,No,Sun,Dinner,3
41.99295621247099,2.4118836740397858,Female,No,Sun,Lunch,5
39.94786397018721,4.087628759909884,Female,No,Thur,Dinner,5
33.1509024415129,2.7857602706627214,Female,No,Sun,Dinner,4
47.8708789008034,5.725459921129914,Female,Yes,Sun,Dinner,1
32.60114461669316,8.815338552766477,Female,Yes,Sat,Lunch,5
62.98292174576892,3.7336228845704795,Female,No,Thur,Dinner,3
40.541050502558214,5.24005625747451,Female,No,Sun,Lunch,3
48.18110612749472,5.822586912511534,Female,Yes,Sat,Dinner,2
33.440806922394586,3.5225615227705744,Male,Yes,Fri,Lunch,3
43.482969803950546,4.781514837638389,Female,Yes,Thur,Lunch,3
32.25578992960395,4.7476841857000185,Female,Yes,Fri,Dinner,5
39.14366704650477,2.4407921408522073,Female,No,Sun,Dinner,3
41.64970985936986,4.690754510642287,Female,No,Sun,Lunch,3
43.545343509117494,2.298343542970997,Female,Yes,Sat,Lunch,2
44.8906964652547,0.21971156963465543,Female,Yes,Sat,Dinner,1
32.99382125292149,4.115175376481095,Female,No,Thur,Lunch,3
46.348376708730825,3.0750603639348184,Female,Yes,Thur,Dinner,3
37.38524439332352,2.895996589388747,Female,No,Sat,Dinner,3
20.586506389537863,2.438511422997527,Female,No,Thur,Lunch,1
50.64866232652949,1.102237094244753,Female,Yes,Thur,Lunch,3
27.549883657546886,5.720067592053349,Female,No,Fri,Lunch,3
42.77956399203762,6.400528106954024,Female,Yes,Fri,Dinner,1
51.22128325569824,2.777790460400108,Female,No,Sat,Lunch,5
39.70992953740853,4.464773923276273,Female,No,Thur,Dinner,3
39.49515642847177,5.164935956037665,Female,Yes,Fri,Lunch,2
28.371287566421273,6.661661955832663,Female,No,Thur,Dinner,2
30.085588687640303,3.593231894012896,Female,Yes,Sat,Dinner,2
60.86974809155144,2.9204169999677427,Female,No,Sat,Lunch,2
41.55773822780162,4.723335400446072,Female,No,Thur,Dinner,1
27.34271885428722,6.61365356769025,Female,Yes,Thur,Dinner,3
46.559383070846394,4.178807060397927,Female,Yes,Thur,Dinner,2
48.045955415267386,2.832613511130984,Female,Yes,Sun,Lunch,4
27.315378717113425,5.538735200940251,Female,No,Sat,Lunch,2
35.26247605024795,4.131205722434607,Female,Yes,Sat,Dinner,2
24.959016826211244,5.126463391743373,Female,Yes,Sun,Dinner,2
42.43035102998503,2.348429929706357,Male,Yes,Fri,Dinner,4
41.668587282203696,5.735520102797046,Female,No,Fri,Lunch,2
42.16843230931364,6.205131530531384,Female,Yes,Thur,Lunch,4
31.89373707257213,6.986994826306628,Female,Yes,Sun,Lunch,2
40.42560303597308,2.9441301757963654,Female,Yes,Fri,Lunch,2
31.629910399144634,6.666236627419911,Female,Yes,Fri,Dinner,3
28.482568971870066,6.950523792484786,Female,Yes,Sat,Lunch,1
39.55358575502642,5.922483323749587,Female,No,Sat,Dinner,2
31.91606054725905,6.568371162271848,Female,Yes,Thur,Lunch,3
49.37453698119645,6.183051587269711,Female,No,Sun,Lunch,2
41.013205866718806,6.30144790915768,Female,Yes,Sun,Dinner,2
35.967497595210396,2.8965360656581294,Female,Yes,Thur,Dinner,4
34.45162414523176,2.8701166746699216,Female,No,Fri,Lunch,1
57.54590083682406,4.957273734017522,Female,Yes,Thur,Lunch,2
38.94501560676971,2.8499378489741503,Female,Yes,Sat,Dinner,2
44.83773100332799,5.1455622223344335,Female,Yes,Thur,Dinner,2
37.051152114514835,3.537633390744591,Male,No,Fri,Lunch,3
49.38880506202458,3.631193020860116,Male,No,Sat,Dinner,3
43.43465573988924,5.906803901699343,Female,No,Thur,Dinner,5
37.268036130432854,3.849743344185866,Female,Yes,Sat,Lunch,2
51.02805243052314,2.3409964061404978,Female,Yes,Sun,Dinner,3
37.54451286012404,5.3012943080269554,Female,No,Thur,Lunch,3
54.11779765905414,7.788475309130067,Female,No,Fri,Dinner,5
33.46298178777673,5.89297176354542,Female,No,Sat,Dinner,3
45.860587412292965,1.12076201535313,Female,No,Thur,Lunch,4
29.587516926830606,3.3495146857102993,Female,No,Fri,Lunch,3
28.229861122198955,6.853965649067274,Female,No,Thur,Lunch,2
39.202547071470505,6.524228324486067,Male,Yes,Sun,Dinner,5
35.94272608862878,5.4015166653455235,Male,Yes,Sat,Dinner,3
35.25345852191572,4.891497361900444,Female,No,Thur,Dinner,3
62.13435578805017,2.610304510126942,Female,No,Sat,Lunch,4
24.811734267842205,5.664381357025098,Female,Yes,Fri,Dinner,4
37.01348374720408,5.333238972952665,Female,No,Thur,Lunch,5
45.86020813578328,1.7480764538076197,Female,Yes,Thur,Dinner,3
44.335589100866635,6.071714580843344,Female,No,Fri,Dinner,2
40.02637623565309,5.319414252095903,Female,Yes,Sat,Dinner,2
46.41822376229133,3.4342661297961774,Female,Yes,Thur,Dinner,3
31.613168747484483,5.055660257773444,Male,No,Thur,Dinner,4
32.199585147884314,3.391334513849899,Female,Yes,Sat,Dinner,2
52.704924140918166,2.7197760110469535,Male,No,Sun,Dinner,1
47.80350593513746,4.951912811046574,Male,No,Sun,Dinner,3
41.32391135232309,5.247010225008999,Female,Yes,Fri,Dinner,2
39.093893452409056,4.849779746182711,Female,No,Fri,Dinner,2
39.891958286714384,2.840936765621507,Female,Yes,Sun,Lunch,2
41.00901770049089,5.163235989387257,Female,Yes,Fri,Lunch,3
38.23056994120614,4.443598720184223,Female,Yes,Fri,Dinner,2
21.41834156559025,6.091177829358644,Female,Yes,Thur,Lunch,2
47.519154259042544,7.982303949082505,Female,Yes,Thur,Dinner,3
49.863363887275995,4.254716134299944,Female,Yes,Thur,Dinner,2
37.9601228214649,6.605144466080881,Female,Yes,Sun,Lunch,2
30.342423621565725,5.474540472678117,Female,No,Sun,Dinner,1
54.25567429071102,5.416161288248631,Female,No,Thur,Lunch,1
50.12880052336352,4.284726740227693,Female,Yes,Sun,Lunch,1
30.27064825370007,7.94262778217037,Female,Yes,Fri,Lunch,1
26.06556853083673,6.169173959661908,Male,No,Fri,Dinner,5
28.810479159183757,5.6137972108464105,Female,No,Thur,Dinner,2
41.249377569635776,-1.9522093439603696,Female,Yes,Sun,Dinner,5
34.21184682361569,6.7555936824926395,Male,No,Thur,Lunch,4
47.77582561692459,3.8269007347940485,Female,Yes,Thur,Lunch,4
42.003453173375895,4.643464949863623,Female,Yes,Sun,Dinner,3
52.359908685561926,4.420429174765848,Female,Yes,Sat,Dinner,1
35.4676611841445,0.8602840759325765,Female,No,Sat,Dinner,2
39.00285926193823,0.07649104242640536,Female,Yes,Fri,Lunch,4
50.200188196971844,3.268610970129691,Female,Yes,Thur,Dinner,2
45.75727551903732,6.504990051449461,Female,Yes,Thur,Lunch,5
39.53802492041846,10.00931882884173,Female,No,Sun,Dinner,3
39.853148193379404,5.396424766314382,Female,No,Thur,Dinner,1
50.24154105164999,7.736371621099379,Female,No,Sat,Dinner,2
34.817045030052235,3.685948169522392,Female,No,Thur,Lunch,2
51.45245713150378,9.66653755493327,Female,No,Fri,Lunch,4
37.450139965160766,1.0186850438116046,Female,No,Fri,Lunch,2
38.656480255637575,7.200549586879907,Male,No,Sun,Dinner,1
27.23351304218512,4.080600198216274,Female,No,Fri,Dinner,3
54.13298191230217,0.32561246957945045,Female,Yes,Sat,Lunch,4
34.377000391574256,8.430600353005437,Female,Yes,Sat,Lunch,3
41.15040453659009,5.129893404938136,Female,Yes,Thur,Dinner,5
45.60997342552103,3.4151430620600483,Female,No,Fri,Dinner,3
43.79304482377639,10.358810421426954,Female,Yes,Sat,Dinner,4
40.64665538391093,8.184631703558994,Female,Yes,Sun,Lunch,4
61.948486985934146,0.0033438500127358495,Female,Yes,Sat,Lunch,2
31.41428547079267,4.678044699254842,Female,Yes,Sun,Dinner,2
48.91306128583029,3.6071703401665225,Female,Yes,Sun,Dinner,2
28.86361477585615,3.628287725100531,Female,Yes,Thur,Lunch,2
39.833374839816685,1.0040323967561358,Female,Yes,Fri,Dinner,1
35.36538641430255,6.572248992053715,Female,Yes,Sun,Lunch,4
41.06933758859677,6.732393361825803,Female,Yes,Sun,Dinner,2
25.526302142610668,5.148737516152358,Female,No,Sun,Dinner,4
39.069572536083726,4.499728776949806,Female,No,Sat,Lunch,4
51.50636290433995,-0.6907900976630128,Male,Yes,Fri,Dinner,3
30.396181382728983,4.647384486277126,Female,Yes,Fri,Lunch,4
37.874039141218404,4.0678840744118165,Female,No,Thur,Dinner,3
48.98169306207831,1.82254685783876,Female,Yes,Thur,Lunch,2
38.45715859941015,6.537883393514593,Female,Yes,Sun,Lunch,4
52.252220046176035,2.4679786155052943,Female,No,Sun,Dinner,2
34.61277007731222,3.808591081390327,Female,No,Thur,Dinner,5
34.250702795643456,3.0620991826635953,Female,No,Thur,Lunch,3
37.31227608142011,7.093924549188303,Female,No,Sat,Dinner,3
67.04419228558864,5.63620369030312,Female,Yes,Thur,Dinner,3
31.33649912650202,2.8714712809569427,Male,Yes,Fri,Dinner,3
29.269435142702513,1.1311458922142348,Female,No,Sun,Dinner,4
42.30703623643203,4.712589907171357,Female,No,Sat,Dinner,1
47.3836264319929,2.2626138394144593,Male,No,Sat,Dinner,4
46.66989615345914,5.518877417515871,Female,No,Sun,Dinner,3
46.29707481478749,6.720047443900359,Female,Yes,Thur,Lunch,4
49.843354974826916,4.192975604310417,Female,Yes,Sun,Dinner,4
32.13400642038384,2.0045655258846384,Female,Yes,Thur,Lunch,2
37.3902960470981,1.220888291647711,Female,Yes,Fri,Lunch,5
25.85848599173802,3.8609006797679037,Female,No,Sat,Lunch,2
43.48950856135971,1.9598865377757662,Female,Yes,Sat,Dinner,2
49.340014110333705,4.630228018271182,Female,No,Fri,Lunch,2
36.688204808837824,3.2597582282737494,Female,No,Fri,Lunch,4
31.15851138897856,1.231111337949239,Female,Yes,Sun,Dinner,3
30.652914102415828,3.9019841875565637,Female,Yes,Sat,Lunch,3
43.78989744271294,5.369393384794504,Female,Yes,Fri,Lunch,2
31.393332727449256,6.749986782570405,Female,Yes,Sat,Lunch,4
36.651481641742635,0.2999806045711273,Male,Yes,Sat,Dinner,3
23.277926281189206,-0.5116947178126341,Female,No,Fri,Dinner,3
33.498649800784754,6.372142586720808,Female,Yes,Fri,Dinner,1
51.82754002080304,4.988132868709433,Female,No,Fri,Lunch,5
26.330034630100574,4.372110120729392,Female,No,Sun,Dinner,5
39.31884127270679,6.271858856939259,Female,No,Sun,Lunch,3
29.87917883684144,6.361225122205633,Female,No,Sat,Lunch,3
31.212821437046237,7.722150203431898,Female,Yes,Fri,Dinner,4
43.20923679106912,6.699717215219167,Female,No,Sun,Dinner,2
33.42229050949753,3.709191182602551,Female,No,Thur,Dinner,4
52.23018000931359,1.8092673568573996,Female,Yes,Sun,Lunch,4
33.19809694628728,7.62369054334574,Female,Yes,Thur,Lunch,1
39.24618007724256,1.4130886555510147,Female,Yes,Sat,Lunch,2
52.665134061824276,4.536404308186116,Female,No,Sun,Lunch,2
23.164966141223136,5.178291593191138,Female,Yes,Fri,Lunch,2
39.990612974299076,3.122334856587872,Female,No,Thur,Dinner,4
48.54150270628247,4.861227195074517,Male,No,Sun,Lunch,3
35.37437645868219,1.4306438524390057,Female,No,Sat,Dinner,2
38.75108706424734,4.543304328424524,Female,No,Sun,Lunch,2
42.935780823220625,6.779685960880505,Female,No,Fri,Lunch,2
49.67515990075283,2.8177454815272998,Female,No,Sat,Lunch,3
42.714160644077396,4.648297320179865,Female,No,Sun,Dinner,3
37.000873511198286,5.082239082828696,Female,No,Sat,Lunch,2
34.51104738935079,2.6809677331390183,Female,No,Sat,Lunch,5
31.368078067244554,2.493868217607858,Female,Yes,Sat,Dinner,1
34.278470165353816,5.164471278098392,Female,Yes,Sun,Dinner,1
45.57246555256659,4.283579383566286,Female,Yes,Fri,Dinner,2
37.783331444728795,3.3691809370099355,Male,No,Thur,Dinner,2
57.44341490411912,4.440876873661617,Male,Yes,Sun,Lunch,3
47.811407862183295,2.0665978622135492,Female,Yes,Thur,Lunch,4
35.38889350984262,3.207954546608069,Female,Yes,Fri,Lunch,4
29.78300841203869,3.1402215220833254,Female,Yes,Thur,Dinner,1
30.224150862060366,6.151165339018325,Male,Yes,Thur,Lunch,5
44.2646472427018,6.541594165876098,Female,No,Sat,Lunch,5
35.306393057192665,2.7364138300658563,Female,Yes,Sat,Lunch,3
50.34302588518957,0.4117411210311388,Female,Yes,Fri,Dinner,3
42.35632343361352,4.334484468996915,Female,Yes,Thur,Dinner,4
66.43959051448226,3.28385710010865,Female,Yes,Sat,Lunch,3
47.921007132999165,7.242644495290498,Female,Yes,Sun,Dinner,4
43.7396113643061,2.1887974654682996,Female,No,Sun,Lunch,1
38.76770653831006,7.367387031204778,Female,No,Fri,Dinner,5
53.955932636932985,3.9672361831420013,Female,No,Sat,Lunch,3
34.56073949534844,6.048244580516077,Female,No,Thur,Lunch,4
51.09507073875987,7.105848632014633,Female,No,Thur,Dinner,1
46.26720948045204,5.361132574649202,Female,No,Thur,Dinner,2
47.30739254549452,3.3901107274671562,Female,No,Sun,Dinner,1
36.22801969840179,2.510830854232626,Female,Yes,Sun,Lunch,1
26.084587983806614,3.4039140991513,Female,No,Sun,Dinner,4
38.66625679309563,3.6869212523212838,Female,No,Thur,Dinner,3
37.474777765706726,8.341854625870127,Female,Yes,Sun,Lunch,3
54.71515166500864,1.471460624621592,Female,Yes,Thur,Dinner,2
55.008814440217,7.6645786397519515,Male,No,Sat,Lunch,4
39.60492592463768,6.104762842392368,Female,Yes,Sat,Lunch,4
29.571542319879512,2.5019542349892614,Female,Yes,Fri,Dinner,1
43.997115895440515,5.821210932181346,Female,No,Sat,Lunch,4
33.926142338888106,6.810489479814214,Female,Yes,Fri,Dinner,3
42.84597639143213,6.39222752249959,Male,Yes,Thur,Lunch,3
28.66653743455521,6.7328013463640355,Female,No,Sat,Dinner,5
36.182209864847195,5.301339358785935,Female,No,Sat,Dinner,3
36.55863441224761,7.0876291861818785,Male,Yes,Sat,Lunch,2
31.25984997676399,3.593980576797191,Female,Yes,Sat,Lunch,2
32.20616556234187,2.7700011878543602,Female,No,Sat,Dinner,4
36.39044336902899,2.866975111994697,Female,No,Sun,Lunch,2
31.896675908722607,6.637455645835396,Female,Yes,Sun,Dinner,4
27.52035421953452,4.4706230264155264,Female,No,Thur,Lunch,3
35.31746214454761,6.11516329196059,Female,Yes,Fri,Lunch,4
34.493686879962546,3.551465594001315,Female,Yes,Thur,Dinner,3
23.506023207282954,0.8094481669480675,Female,Yes,Fri,Dinner,2
49.56014983327806,5.399322479003781,Male,Yes,Sat,Lunch,1
40.924396959601566,3.431673995257579,Male,Yes,Fri,Dinner,5
42.26901186030317,5.942184949501577,Female,No,Sun,Dinner,3
31.795917536251988,5.806413150864374,Female,Yes,Thur,Lunch,1
38.41497509353566,5.28978670533072,Female,Yes,Sun,Lunch,4
26.03589262551575,3.8308307486501985,Female,No,Thur,Dinner,2
34.03890541239974,5.516565936810997,Female,No,Thur,Lunch,3
17.86462001842616,1.4129295594113602,Female,Yes,Thur,Lunch,3
27.613508021579413,3.5662463060845098,Female,No,Fri,Lunch,4
24.868213884517537,2.348226461798472,Female,No,Fri,Lunch,5
44.32796969114292,8.064687423327939,Female,Yes,Sun,Lunch,2
22.09415867547656,4.420644750352706,Female,Yes,Fri,Lunch,2
51.44668233306629,3.5693013351261644,Female,Yes,Sun,Dinner,2
35.83130956383464,3.489855263728363,Female,No,Fri,Lunch,4
37.2178000264563,5.79975976801143,Female,Yes,Sun,Dinner,3
37.27151525523879,0.16737924085486466,Male,Yes,Sat,Lunch,5
35.43006808957751,2.4510783589033887,Female,Yes,Fri,Lunch,2
38.14408446874251,3.6430823879634957,Female,Yes,Fri,Lunch,4
38.65135162581312,6.851769760496138,Female,No,Thur,Dinner,4
48.74099507822207,8.795151987840807,Female,Yes,Sat,Lunch,2
38.788620676451316,6.543402015852085,Female,Yes,Sat,Dinner,3
32.893891877108004,7.194934986896404,Female,Yes,Sat,Dinner,3
32.84286053701239,4.9318525396303325,Male,Yes,Sun,Lunch,5
28.729899919787055,0.8696270056801483,Female,Yes,Fri,Lunch,4
55.91362841550724,4.364645410938715,Female,No,Sun,Dinner,3
34.92730548098787,5.809479175377071,Female,No,Thur,Dinner,4
26.790444663695396,2.582980858503767,Female,Yes,Sun,Lunch,2
44.962412093400644,5.22109058223982,Female,No,Thur,Lunch,3
38.028301211995334,6.829944277331147,Female,Yes,Thur,Dinner,4
44.00164663426872,0.5685858035099292,Female,No,Sun,Lunch,3
35.66298686484803,4.703329206205123,Female,No,Sat,Dinner,3
48.92784237741624,1.2474822008761157,Female,Yes,Thur,Lunch,1
30.053922978582253,1.5469347616632732,Female,Yes,Sun,Dinner,1
26.599474997267833,2.3345674222538126,Female,No,Sat,Dinner,3
48.576594834394896,4.196683418198509,Female,Yes,Sat,Lunch,3
46.79181350891658,7.036658549011976,Male,No,Thur,Dinner,4
39.72683281863494,5.8012854300619585,Female,No,Thur,Dinner,1
40.57225969759461,3.073186222489043,Female,Yes,Thur,Lunch,4
34.01896671739376,1.9501199673284528,Female,Yes,Thur,Dinner,2
41.4932693879322,9.580997370658885,Female,No,Fri,Dinner,2
36.091083187715526,6.4490220558538445,Female,Yes,Sun,Dinner,4
36.8807711818444,1.8642119775774264,Male,Yes,Sun,Lunch,2
49.90567870998494,6.152647189783471,Female,Yes,Fri,Lunch,5
29.780818622300295,6.093468922746689,Female,Yes,Thur,Dinner,3
40.20166200451421,3.123292442859917,Female,Yes,Sat,Dinner,3
36.94319005498929,4.426549143250225,Male,No,Fri,Dinner,4
43.49382403351586,1.416288986072354,Female,Yes,Sat,Dinner,3
40.068909176504235,1.2784043275686405,Female,Yes,Sun,Dinner,4
49.60387580488529,2.3182665772428823,Female,Yes,Sun,Lunch,4
38.21446348734556,3.7418804827328884,Female,No,Sat,Lunch,3
31.881395450539816,5.672800888521358,Female,No,Thur,Dinner,2
34.828173416322834,1.8894034831251685,Female,Yes,Fri,Lunch,2
38.80094079237424,7.087507093699852,Female,No,Sat,Dinner,3
31.72790726767811,5.218260630818912,Female,No,Sat,Dinner,4
34.75965246522911,1.6146018816507373,Female,No,Sat,Lunch,1
57.91596312111163,3.556565377444211,Female,No,Fri,Dinner,4
31.846631152584212,0.2326651082961888,Female,No,Sun,Dinner,3
20.41934532383681,-0.20731355758305803,Female,Yes,Sat,Lunch,3
38.98190979804342,4.066041870557704,Female,Yes,Sat,Dinner,4
40.25132127026041,8.059724248879292,Female,Yes,Thur,Dinner,4
35.05493745862227,2.1250014052016613,Female,Yes,Sat,Dinner,4
32.2395972936894,0.5791706031992525,Female,No,Sat,Lunch,3
36.609280258353856,2.3722819021421233,Female,Yes,Fri,Dinner,2
38.73342584578514,4.3641436921581676,Female,No,Sun,Lunch,2
49.15901519243227,6.637689186142686,Female,No,Sun,Lunch,3
28.672516517288578,5.884595602846617,Female,No,Thur,Dinner,3
44.89094150360873,3.9977314806646365,Female,Yes,Sun,Dinner,1
38.19563690945491,2.4082148922440973,Female,Yes,Sat,Lunch,2
59.11284092552311,6.281202242551474,Female,Yes,Sat,Dinner,4
46.51099473164738,4.525378618290136,Female,No,Sat,Lunch,3
28.90539735620684,5.770023290790652,Female,No,Fri,Dinner,3
48.00144710447832,3.397587539022646,Female,No,Sun,Dinner,1
29.883764008583544,1.2028338870679465,Female,No,Sun,Dinner,1
39.39217361790245,5.413752079128707,Female,No,Sat,Dinner,3
50.28724108104136,4.724641807399577,Female,No,Fri,Dinner,3
41.4176315099509,4.924400280331033,Female,Yes,Thur,Lunch,2
34.41493988011754,3.8623653917667378,Female,Yes,Fri,Lunch,1
38.06778697733107,4.991417840005987,Female,Yes,Fri,Lunch,1
44.27333178003214,7.28751067157547,Female,No,Sun,Lunch,2
38.28440037157055,3.072474943956089,Male,Yes,Sun,Lunch,1
43.19448496945377,7.762435061518345,Female,No,Thur,Dinner,1
25.200172617348784,5.120315506070908,Female,No,Sun,Dinner,2
35.22866847695831,2.8747925916273567,Female,Yes,Sun,Lunch,2
32.65187786744306,6.699302243290537,Female,Yes,Sat,Dinner,1
44.74162655931086,2.681363743777769,Male,Yes,Thur,Lunch,4
36.50894947517421,3.6424321945286806,Female,No,Fri,Lunch,3
45.67869315682184,7.141339079404787,Female,Yes,Sat,Dinner,3
47.18470484716429,1.8500199598360088,Male,Yes,Sat,Lunch,4
47.09451979004493,1.6874923176899808,Female,No,Sun,Dinner,3
40.01428333876032,4.432011853790075,Female,No,Fri,Lunch,3
42.47207401784727,4.091065961379398,Female,No,Fri,Lunch,3
37.25776113883695,1.0912851662340375,Female,Yes,Sat,Lunch,1
34.55215690901307,5.546028765702322,Female,No,Sun,Dinner,2
26.5364478950707,6.735593412222933,Female,Yes,Fri,Lunch,3
43.16763649689136,4.764236398468633,Female,Yes,Thur,Lunch,2
42.583006379232984,6.370758434988303,Female,No,Sun,Dinner,3
30.189629541191184,5.301220352396963,Female,No,Fri,Dinner,1
38.28119684522677,3.738007304361087,Female,Yes,Thur,Dinner,5
40.946092954528744,8.691802808565498,Female,Yes,Sat,Lunch,3
33.80742367279408,3.7104290098344443,Female,No,Sun,Lunch,4
54.235581305761244,2.5040743002612658,Female,Yes,Fri,Dinner,3
27.777186875241547,6.574793044994193,Female,No,Sat,Dinner,1
40.25830838567424,2.5059833794949267,Female,Yes,Sun,Dinner,3
42.152812265344835,2.9465531948429073,Female,No,Sun,Lunch,2
41.001188948109174,8.529299337952553,Female,Yes,Sat,Dinner,2
43.295284754028614,6.283211482332224,Female,Yes,Sat,Lunch,2
45.42427881868545,6.017333079002922,Female,Yes,Sat,Lunch,3
24.237897049406296,3.1928561336583283,Female,No,Thur,Dinner,2
30.597878735521522,2.352790361511808,Female,Yes,Thur,Dinner,3
30.633275151740133,6.100229643502563,Male,No,Thur,Dinner,2
30.336981522677227,7.52359178274612,Female,No,Sat,Dinner,2
19.708760943830637,2.3286412833248322,Female,Yes,Fri,Lunch,4
42.15031181835859,3.407404948090316,Female,Yes,Fri,Lunch,5
29.150719357702087,0.9367630348971674,Female,Yes,Sat,Lunch,5
46.48935209892878,2.143870733771899,Female,No,Sun,Dinner,2
37.12258859401496,8.524675685438195,Female,No,Fri,Dinner,2
49.969115668510476,7.403472880906577,Male,Yes,Sun,Dinner,3
46.49535474219299,6.294806501904663,Female,Yes,Thur,Lunch,2
49.32773168097357,5.72031401386269,Female,No,Sun,Dinner,2
38.98114838295971,5.0815145497991026,Female,Yes,Sun,Lunch,2
52.317546154458036,2.848719499641297,Female,Yes,Sat,Lunch,2
38.52216389009381,4.414222661574937,Female,No,Sun,Lunch,3
25.945767928005473,1.838273608359916,Female,No,Sun,Lunch,3
43.3692514415206,6.480871332521698,Female,No,Thur,Lunch,3
44.62464609361381,8.239366858775963,Female,Yes,Fri,Lunch,2
41.436669500263065,5.18213045733498,Female,Yes,Sun,Dinner,3
40.10134245500688,4.077223961038074,Female,No,Fri,Dinner,3
48.522148351841366,2.7234583142005158,Female,No,Sun,Dinner,4
29.121659809041184,4.134720829403701,Female,Yes,Sat,Dinner,3
44.21890481976101,3.134630641445483,Female,No,Fri,Lunch,3
38.1315772139647,6.3544441772225095,Female,Yes,Sun,Lunch,4
46.162796395498376,3.370461527417215,Female,No,Fri,Lunch,2
32.86006957977047,6.047647023516937,Female,No,Sun,Lunch,4
41.240819992242095,8.281878586792619,Male,Yes,Sun,Dinner,4
37.32811790285524,2.7100061966829485,Male,No,Fri,Lunch,2
34.68992953513682,6.117469379122829,Female,No,Fri,Dinner,5
34.54339685734581,3.9465128591869236,Female,Yes,Sat,Dinner,3
39.58173694079112,7.4990261608232665,Female,No,Fri,Lunch,3
43.323119007733766,4.07961939745419,Female,No,Fri,Dinner,1
20.976627518273713,6.7605497763674975,Female,No,Sun,Lunch,1
28.614764013274694,6.1682707889825465,Female,No,Sun,Lunch,2
35.31040186148453,1.1285911379520335,Female,No,Sun,Dinner,2
22.819551002853835,3.2764498267545505,Female,No,Sun,Dinner,1
45.18330555977511,4.374295074723356,Female,Yes,Fri,Lunch,2
47.06472103718879,3.3523041678283283,Female,Yes,Sat,Lunch,2
42.03046938262245,1.25984372105109,Female,No,Sat,Lunch,4
41.582642358302806,7.680960995203824,Female,Yes,Thur,Lunch,4
61.171230449583604,3.5727280973986337,Female,No,Thur,Dinner,5
43.2056748814805,0.8956573024230559,Female,Yes,Sun,Dinner,2
45.937054928434904,3.991834839340222,Female,Yes,Thur,Lunch,2
43.68987939142545,3.183981459805663,Female,Yes,Thur,Lunch,1
45.99470184737449,4.14825165825692,Female,No,Thur,Lunch,4
29.50953684657394,4.204741982723316,Female,No,Thur,Dinner,2
53.909862178479,5.250194094978765,Female,No,Sun,Lunch,3
38.1516082138608,2.831596090257195,Female,No,Sat,Dinner,1
36.321286701574046,6.1301045258702125,Female,Yes,Sat,Lunch,1
36.81899028376398,3.4770320501277006,Female,Yes,Fri,Dinner,2
41.76415571006447,5.244920811061235,Female,Yes,Thur,Lunch,4
46.09155417085064,5.667003577607577,Female,No,Sat,Dinner,5
44.68248383469243,3.3176945176371766,Female,Yes,Sun,Dinner,3
35.61681304644139,5.028329588543433,Female,Yes,Sat,Dinner,2
47.18761024584694,-0.11787026859420968,Female,Yes,Fri,Lunch,4
33.417904662383236,6.104694469645549,Female,Yes,Thur,Lunch,3
49.967426567525806,3.614914924722973,Female,No,Thur,Lunch,2
42.180007674262434,2.9164318234223807,Female,No,Sat,Lunch,3
36.91736494982533,3.7897796210488544,Female,No,Sun,Lunch,3
51.868210336245674,6.201688612833033,Female,Yes,Thur,Lunch,4
33.984413091916025,5.0262970109360845,Female,Yes,Fri,Dinner,2
38.53431656717562,6.018882174161288,Female,No,Sun,Lunch,2
59.13554847104491,2.419061444637803,Female,Yes,Sun,Lunch,5
46.28526937613445,6.331258462717363,Female,No,Sat,Lunch,5
39.02862834792814,5.095512590485334,Female,No,Thur,Lunch,5
40.07398089402432,2.009896497712474,Female,Yes,Fri,Dinner,5
37.17571546820257,5.846908320560079,Female,No,Fri,Dinner,4
40.87218865288951,1.4408747115780094,Female,Yes,Fri,Lunch,2
43.28802906811926,6.497212854302261,Female,No,Sat,Lunch,3
51.08996431201422,6.252944477509592,Female,No,Sat,Dinner,3
52.55803854701449,3.575159025165695,Female,Yes,Sun,Dinner,2
32.79954629224505,5.290608947398322,Female,Yes,Sun,Lunch,3
24.91252604503952,0.14213085512403945,Female,No,Thur,Lunch,1
31.20775610553033,4.435528461869824,Female,Yes,Sun,Dinner,1
25.3911294179126,3.9786904089190083,Female,No,Fri,Dinner,4
26.519059086741137,1.1640788893204166,Female,Yes,Sat,Lunch,3
49.889775891424165,4.091355731973072,Female,Yes,Sat,Dinner,4
32.354745193650146,1.8838970595294304,Male,Yes,Sat,Dinner,3
56.96698474634036,7.453675267748298,Female,No,Sun,Dinner,1
27.47681183332871,5.164291014981689,Female,Yes,Fri,Dinner,5
38.014712122603655,4.660892014887899,Female,Yes,Fri,Dinner,1
38.012012104487,4.451620084359939,Female,No,Sun,Dinner,2
35.6059192992151,3.255362248165516,Female,No,Thur,Lunch,5
46.806779168730955,2.481239461775348,Female,Yes,Sun,Dinner,4
43.67548506813748,8.335491591801436,Female,Yes,Fri,Dinner,1
43.64687529566538,7.789363819298998,Female,Yes,Thur,Dinner,3
29.04993356353166,6.581995798861444,Male,No,Thur,Dinner,2
40.70218704022299,4.549862502653425,Female,Yes,Thur,Lunch,3
32.554688154604946,3.7157666406897563,Female,Yes,Thur,Dinner,1
49.90492139330428,6.225495813023407,Female,No,Sat,Dinner,2
33.56756695288631,3.2250351240072943,Female,Yes,Fri,Dinner,3
35.32561252487852,8.008827693069831,Male,Yes,Thur,Dinner,3
41.473220493549135,5.373956262845438,Female,Yes,Sat,Dinner,3
43.70489939072798,4.478622187283783,Female,No,Thur,Dinner,2
24.733621262642274,7.005511686088424,Female,No,Fri,Lunch,5
39.390825132464975,0.9573554196631184,Female,Yes,Fri,Lunch,1
44.670763796332174,5.412104727966803,Female,No,Sun,Lunch,2
33.57982244927476,3.2095859492589702,Female,No,Sun,Dinner,3
49.7095661727769,4.754660897302756,Female,Yes,Thur,Lunch,2
30.106663324708393,6.017441033076944,Female,No,Thur,Dinner,3
47.27773138796297,3.5977425862409764,Female,Yes,Fri,Dinner,3
53.71352851415834,5.247041834355987,Female,No,Sat,Dinner,4
49.087553578469944,5.047339004059431,Female,Yes,Fri,Lunch,4
38.77174043344544,5.5490605694499004,Female,Yes,Fri,Lunch,2
41.98435697491121,4.547277531009571,Female,Yes,Sun,Lunch,2
13.518706949757775,3.2450537819452863,Female,Yes,Sun,Dinner,2
36.30425652168728,6.735833146001719,Female,No,Thur,Dinner,5
43.71649647019562,2.1019380268811902,Female,No,Sun,Dinner,1
33.93681121103576,1.1892718930980657,Female,Yes,Sun,Dinner,3
56.09861174515889,1.9989993534235246,Female,Yes,Sun,Dinner,3
38.13879877011545,4.645782341397517,Female,No,Sat,Lunch,3
31.704625266942298,2.1609450821613025,Female,No,Fri,Lunch,2
46.63639036174515,7.35782348554174,Female,Yes,Thur,Lunch,3
38.13855658267201,3.693986136624632,Female,No,Sun,Dinner,3
36.345304306875335,6.731356746951771,Female,Yes,Sat,Dinner,4
46.01655133337283,7.0693385797324515,Female,Yes,Thur,Lunch,2
52.356013329571645,1.375850612883977,Female,No,Fri,Dinner,3
31.64289110091797,6.347904542804013,Female,Yes,Sun,Dinner,5
34.99083623809764,6.5692084119839365,Female,No,Fri,Lunch,3
35.27630628085744,7.217388077068511,Female,Yes,Sat,Dinner,5
34.51736943486373,5.350643583355755,Female,No,Fri,Lunch,3
51.70062987164238,4.455022518412273,Female,No,Sat,Dinner,3
30.357329381606654,4.112616545534101,Female,No,Thur,Dinner,5
38.93308045121366,5.235496456488015,Female,No,Thur,Dinner,2
47.30759719170115,4.786249262112472,Male,Yes,Thur,Lunch,2
32.53613129115443,1.3811926896287887,Female,No,Sat,Dinner,3
50.84282306086776,7.897020830759081,Female,No,Sun,Lunch,2
41.64474171589975,3.5145616429220574,Female,No,Sat,Dinner,1
51.07019295756545,4.510154803556543,Female,Yes,Fri,Dinner,3
39.60805264674099,6.605160932610788,Female,Yes,Thur,Lunch,2
40.83232168039815,7.568708406654952,Female,No,Thur,Lunch,2
31.991235592264037,6.551505319140849,Female,Yes,Thur,Lunch,3
47.41047149270567,8.56023280494422,Female,Yes,Sun,Lunch,2
43.847365754209314,9.038971179193645,Female,Yes,Fri,Dinner,1
47.88540376665869,2.9441701951815205,Female,Yes,Fri,Dinner,4
40.440972469253474,3.563250541523764,Female,No,Fri,Lunch,4
35.46595710631817,5.397944985511991,Female,No,Fri,Dinner,2
22.6551473981321,5.196605763233741,Female,No,Sat,Dinner,5
33.450002909611385,4.416357772359242,Male,No,Sun,Lunch,1
43.08577023933823,5.059384758939907,Female,Yes,Sun,Lunch,4
42.83922452655314,4.9029534895077225,Female,No,Fri,Lunch,4
45.12117357519844,4.47679085515965,Female,No,Sun,Lunch,3
48.62642716632872,6.092422895386305,Female,Yes,Thur,Lunch,3
22.0056582823531,2.5175814467379682,Female,No,Thur,Lunch,2
27.296334716400196,3.434969557271678,Female,No,Fri,Dinner,2
19.6174593429662,4.700068896487832,Female,Yes,Sun,Dinner,2
38.912260686164096,3.0463425615558433,Female,No,Thur,Dinner,2
48.645411816299315,7.113631656080434,Male,No,Sun,Lunch,4
47.70739035910111,4.992129534817327,Female,Yes,Fri,Lunch,2
43.91766548039524,4.911745979051079,Female,Yes,Thur,Dinner,5
44.732874407078675,2.331708748414539,Female,Yes,Fri,Dinner,4
30.506736829064224,6.13268617915307,Female,Yes,Sun,Dinner,2
42.21962958040444,4.416773120505275,Female,Yes,Fri,Lunch,1
27.744943962725387,4.861512330408237,Female,Yes,Sat,Dinner,1
50.65690256935403,1.952043389528152,Female,No,Sat,Lunch,3
40.30276574009103,5.274881734286964,Female,Yes,Sat,Lunch,3
63.26076443586254,0.7802804461690076,Female,No,Sat,Dinner,1
46.56957351540103,2.7865584035695417,Female,Yes,Sun,Dinner,2
26.75382751995911,3.268939115197477,Female,Yes,Sat,Dinner,4
31.043958514122423,7.0707604197453575,Female,Yes,Sat,Dinner,2
37.58882312267292,6.037028479146024,Female,No,Sun,Dinner,4
57.5654925596105,4.553615533404592,Female,No,Sun,Lunch,4
49.11167040084011,7.461193127394864,Male,No,Sun,Dinner,2
59.185725704971105,5.709596068307468,Female,No,Sat,Lunch,1
39.656277340795455,3.0686911553149514,Female,No,Sun,Lunch,1
39.90507497129211,5.0296063340695,Female,No,Thur,Dinner,1
37.74190951512935,3.965980619440132,Male,Yes,Thur,Dinner,3
30.134504988196376,5.030915425055017,Female,Yes,Sat,Lunch,5
29.228751971628366,4.350313616083826,Female,No,Sun,Lunch,3
44.185545959268886,6.691259755961818,Female,No,Sat,Lunch,5
25.449530482977238,7.30298327834419,Female,Yes,Thur,Lunch,1
19.737722160370367,2.246930242070916,Male,Yes,Sat,Dinner,2
40.271368829052825,7.160676250054389,Female,Yes,Fri,Dinner,3
44.052952082080445,3.544884074929824,Female,Yes,Fri,Lunch,5
45.70270725440847,3.321809526163913,Female,Yes,Fri,Dinner,3
35.030403055822404,3.7835405622689215,Female,No,Sat,Lunch,2
48.35061462982892,5.9645667704895535,Female,Yes,Sat,Lunch,2
41.373859148007895,7.4562728036499175,Female,Yes,Sun,Lunch,4
40.525407259702675,0.19997323354544316,Female,Yes,Sun,Dinner,1
28.574182077282487,8.753168193923926,Female,Yes,Sat,Dinner,3
27.20353918433579,8.5678510233259,Female,Yes,Sun,Lunch,5
51.485694410285404,4.678857171312844,Female,Yes,Thur,Dinner,3
52.3883033117033,3.393506902148429,Female,No,Sat,Dinner,2
44.08908151247324,6.042038517280812,Female,Yes,Sun,Lunch,5
49.465052740397674,3.57065626811334,Male,Yes,Sun,Dinner,3
50.47288665548667,5.518055580205461,Female,No,Fri,Lunch,4
37.88622050087013,6.042130977164661,Female,Yes,Sun,Dinner,2
31.229680340126563,6.575723130876915,Male,No,Thur,Dinner,5
35.782534128814866,7.970771218115184,Female,No,Sun,Dinner,4
34.661982945481995,1.864502332211774,Female,No,Sun,Dinner,3
42.43065788076872,3.229254617077887,Female,No,Thur,Lunch,2
44.76410441432884,2.7287509081579646,Female,Yes,Thur,Dinner,1
36.44671024822348,4.7807171219831055,Female,Yes,Sat,Dinner,5
29.328974263397697,6.391546584696584,Female,No,Sat,Dinner,1
46.97206888263871,2.4596378566785244,Female,No,Fri,Dinner,3
37.26687261987554,6.0596047368477866,Female,No,Sun,Dinner,5
39.343520093619574,6.383893667612042,Female,Yes,Sat,Lunch,2
35.76724582883923,7.178986542791218,Female,No,Sat,Lunch,4
30.622743204423713,5.0962950108149565,Female,Yes,Fri,Dinner,5
32.6618673766636,0.5467376927424044,Female,Yes,Sun,Dinner,3
52.089400678199695,9.494493440060973,Female,Yes,Thur,Dinner,1
45.23418588008772,0.5700856232276093,Female,Yes,Sat,Dinner,1
32.26094906054398,6.31387013074022,Female,No,Sat,Lunch,3
37.98636432881021,5.656418465234575,Female,No,Thur,Dinner,5
44.050127844336124,4.3451485539560215,Female,No,Thur,Lunch,3
25.83338784665616,-3.7855234224861896,Female,Yes,Sat,Dinner,4
36.68590653804468,6.142406721226554,Female,No,Fri,Lunch,4
33.48566759718306,3.108797052828785,Female,Yes,Sun,Dinner,1
32.8991713473044,6.017196312161726,Female,No,Sat,Dinner,5
38.34765371533689,5.421086399576466,Female,No,Sun,Lunch,3
53.96465248100967,6.106257750603389,Male,No,Fri,Lunch,1
59.39666855757677,2.525691878907397,Female,No,Fri,Lunch,4
40.38948678902367,5.909529864547883,Male,No,Sat,Lunch,2
27.55512794903497,6.038969189827834,Female,Yes,Sat,Dinner,4
13.351585924556222,0.8624106433659302,Male,Yes,Fri,Dinner,1
37.76503263342808,3.5969549458162264,Female,No,Sat,Lunch,3
50.006238625211026,1.7111951866721586,Female,No,Thur,Lunch,5
46.24906834832847,2.349848431474975,Female,Yes,Sat,Lunch,2
40.32686952639861,2.8839512265476337,Female,No,Sat,Lunch,3
40.683672943624344,6.464244273112398,Female,No,Thur,Dinner,4
38.50817300541221,2.34087998689488,Female,No,Sun,Dinner,3
39.45036288296668,7.6895472238263505,Female,Yes,Sun,Lunch,2
39.34212184536458,6.103214878898346,Female,Yes,Thur,Lunch,4
49.66447079627754,1.0268919138765746,Male,Yes,Thur,Dinner,2
49.813887803754,4.1159363872199055,Female,Yes,Sat,Dinner,3
32.259015672906465,4.297651123790624,Female,No,Sun,Dinner,2
37.89720884122935,5.920713397306958,Male,Yes,Sun,Lunch,1
39.441529070679486,3.3985115695620607,Female,No,Thur,Dinner,5
43.39209448429685,4.6845128944548,Female,Yes,Thur,Lunch,2
30.441298656015277,7.597062657711485,Female,Yes,Thur,Dinner,3
33.95382318692656,4.860798942771139,Female,No,Sun,Lunch,3
42.54845566706868,6.0718992613030105,Female,Yes,Sat,Dinner,4
43.5304057871596,3.6211109563230237,Female,No,Fri,Dinner,1
33.508923696582556,2.2459345007689366,Female,No,Sat,Dinner,2
31.222677265670995,4.680102074650998,Female,No,Sun,Lunch,2
33.41909989699358,4.911256668454964,Female,Yes,Sun,Lunch,2
47.53309640842931,7.951310937170584,Female,Yes,Fri,Lunch,4
44.013964924910574,4.592672981376934,Female,No,Thur,Dinner,3
44.02245999181167,5.195434680099099,Male,Yes,Sun,Lunch,3
48.94862030441756,1.7041936259893333,Female,Yes,Thur,Lunch,5
20.098823982140736,2.3446688330995245,Female,Yes,Thur,Dinner,2
41.82136700994166,6.85933081666419,Female,Yes,Fri,Lunch,3
44.34895813511777,7.380565196831883,Male,No,Thur,Lunch,5
34.43368319882123,4.139907513395331,Female,Yes,Fri,Dinner,2
33.49296920677607,4.436787441208632,Female,Yes,Fri,Lunch,2
